Story,Label
فخر زمان کی شاندار سنچری، لاہور کراچی سے آگے نکل گیا,pakistan
لوگ حکومت کے سستے قرضے لے نہیں رہے یا لے پا نہیں رہے؟,pakistan
پشاور میں مسلح افراد کی فائرنگ سے پادری ہلاک,pakistan
وسعت اللہ خان کا کالم: خدایا ایسی اپوزیشن ہر حکمران کو عطا کر,pakistan
’تم نے دیکھا؟ فوج میں بھی کتنے پڑھے لکھے لوگ ہوتے ہیں‘,pakistan
’خاندان کے اثاثوں پر جج جوابدہ نہیں تو وزیراعظم کیوں ہوں؟‘,pakistan
آمنہ مفتی کا کالم ’اڑیں گے پرزے‘: پڑا ہوا جزیرہ، مرا ہوا دریا,pakistan
انڈین فوج کی قید میں 14 سالہ عصمد علی: ’دو ماہ سے کھانے کا ہوش ہے نہ سونے کا‘,pakistan
’کووڈ نے سب بدل دیا، کوئی چیز نہیں بدلی تو قلندرز کی شکست کی ریت‘,pakistan
سندھ میں سور پر کتے چھوڑنے پر بے رحمی ایکٹ کے تحت مقدمہ درج,pakistan
سینیٹ میں ایک ووٹ سے سٹیٹ بینک بل کی منظوری: ’یوسف رضا گیلانی کو موجود ہونا چاہیے تھا’,pakistan
ایوب خان کے صدارتی نظام کا خاتمہ کیوں ہوا؟,pakistan
’شعیب ملک پریشر اور زیادہ سکور والے میچز میں بہترین پرفارمنس کا مظاہرہ کرتے ہیں‘,pakistan
پاکستان کرکٹ میں پی ایس ایل کا کرشمہ,pakistan
بچھڑا ہوا بھائی انڈیا سے پاکستان آئے گا تو ’ڈھول بجا کر سارا گاؤں اکٹھا کریں گے‘,pakistan
فلم ’جاوید اقبال‘ کی ریلیز پر پابندی: ’آپ کے سینما گھروں میں ساس بہو کے ڈراموں کی قسطیں ہی چلیں گی‘,pakistan
'عمران خان کا بہت شکریہ، ایک گھنٹے میں میرے بھائی کو ویزا دے دیا',pakistan
راوی ریور فرنٹ: ’ہاؤسنگ سوسائٹی نہیں نیا شہر بن رہا ہے، سپریم کورٹ میں کیس رکھیں گے‘,pakistan
’پب جی‘ کھیلنے کا عادی بیٹا ہی ماں، بہنوں اور بھائی کا قاتل ہے: لاہور پولیس,pakistan
انڈیا میں بانی پاکستان کی یادگار کا نام تبدیل کرنے کا مطالبہ کیوں کیا جا رہا ہے؟,pakistan
کیچ میں 10 فوجیوں کی ہلاکت: ‘ہم پاکستان سے ہر قسم کی دہشتگردی مٹانے کے لیے پرعزم ہیں‘,pakistan
ضابطہ فوجداری، تعزیرات پاکستان اور قانون شہادت میں ترامیم سے کیا آسانیاں ہوں گی؟,pakistan
عوامی عہدہ رکھنے سے متعلق تاحیات نااہلی کا قانون سپریم کورٹ میں چیلنج,pakistan
’خاندان کی عزت نیلام ہو گئی اور تم بیٹے کی عمر کے لڑکے سے شادی کر کے کھڑی ہو‘,pakistan
پاکستان میں احمدی برادری کی کم ہوتی آبادی: ’پڑوسی کہتے کہ اِن سے بات مت کریں ورنہ منھ پلید ہو جائے گا‘,pakistan
’شہزاد اکبر کے استعفے کی وجہ محض نواز شریف کو واپس لانے میں ناکامی نہیں‘,pakistan
’ایک دکھ والد کی موت کا تھا اور دوسرا یہ کہ میت کے لیے گھنٹوں انتظار کرنا پڑا‘,pakistan
وقاص گورایہ کے قتل کی سازش کے الزام کے مقدمے میں جیوری کا فیصلے پر غور شروع,pakistan
نور مقدم قتل کیس: تفتیشی افسر سے مقتولہ کے فون کے میسجز کے بارے میں سوال,pakistan
ناظم جوکھیو قتل کیس میں پولیس چالان کے مطابق ان کی موت ’تشدد سے ہوئی‘,pakistan
پاکستانی احمدی برادری کے خلاف بڑھتا تعصب اور نفرت,pakistan
مردان: بچی کو ریپ اور قتل کرنے کے کم عمر مجرم کو مجموعی طور پر 88 برس قید کی سزا,pakistan
جاسوسی کے الزام میں پاکستان کو مطلوب انڈین سفارتکار کے کراچی سے ڈرامائی فرار کی کہانی,pakistan
سوا سال قبل بازیاب کروائے گئے 70 باز پاکستانی حکام کی تحویل میں کیسے ہلاک ہوئے؟,pakistan
سپاٹ فکسنگ، عدالتی معاملات اور بند فائل: مگر پھر سیٹی ایسی بجی کہ پی ایس ایل دلوں میں بس گئی,pakistan
لاہور ہائی کورٹ نے ’دریائے راوی کے کنارے نئے شہر‘ کے منصوبے کو کالعدم قرار دے دیا,pakistan
’جائے واردات سے برآمد ہونے والے چاقو پر نور مقدم کے خون کے نشان موجود تھے‘,pakistan
ٹرانسپیرنسی انٹرنیشنل: پاکستان میں بدعنوانی میں اضافہ، دس سال میں سب سے ’بُری درجہ بندی‘,pakistan
پاکستانی شہروں میں دہشتگردی کے حالیہ واقعات افغانستان میں ٹی ٹی پی پر پُراسرار حملوں کا ردعمل ہیں؟,pakistan
عاصمہ شیرازی کا کالم: آخری قہقہہ کس کا؟,pakistan
شہزاد اکبر مستعفی: نواز شریف کی واپسی، ایسٹ ریکوری یونٹ جیسی ’وجوہات‘ زیر بحث,pakistan
کیا عمران خان صرف اپوزیشن کو مخاطب کر رہے تھے؟,pakistan
’کیا مجھے کزن میرج کرنی چاہیے‘,pakistan
جسٹس عائشہ ملک: سپریم کورٹ کی پہلی خاتون جج نے عہدے کا حلف اٹھا لیا,pakistan
شِمشال: پاکستان کا وہ دور دراز آخری گاؤں جہاں کے باسی ایک دوسرے کے لیے جیتے ہیں,pakistan
اقوام متحدہ کے ’آر ٹو پی‘ اصول کی تشریح پر وزیر اعظم کی وضاحت,pakistan
اگر میں اقتدار سے باہر نکل گیا تو آپ کے لیے زیادہ خطرناک ہوں گا: عمران خان,pakistan
شانگلہ میں لینڈ سلائیڈنگ میں ہلاکتیں: ’انتظار کیا جاتا رہا کہ کوئی حادثہ ہو تو حکومت اور انتظامیہ حرکت میں آئے‘,pakistan
’زیادہ خوشی پاکستان کا نام آنے کی ہے‘: محمد رضوان آئی سی سی ٹی 20 ’کرکٹر آف دی ایئر‘,pakistan
ظاہر جعفر کا پچھتاوا: اڑیں گے پرزے,pakistan
ٹیکس مراعات کے خاتمے سے گاڑیوں کی قیمتوں میں کتنا اضافہ ہوا اور آگے کیا ہوگا؟,pakistan
عمران خان کے ’ایک کروڑ نوکریوں‘ کے وعدے کا کیا بنا؟,pakistan
بارہ ماسی: آم کا وہ درخت جو سردیوں میں بھی پھل دیتا ہے,pakistan
پارلیمانی کتھک اور صدارتی لڈی: وسعت اللہ خان کا کالم بات سے بات,pakistan
اسلام آباد: ریپ، چائلڈ پورنوگرافی کے مقدمے میں سابق پولیس اہلکار کی سزا برقرار,pakistan
ملکہ وکٹوریہ کی وفات پر اقبال کا وہ مرثیہ جو ’بانگ درا‘ میں شامل نہ ہوا,pakistan
گوادر کے ماہی گیر: ’وزیرِ ماہی گیری کو پیسے چاہیں تو ہم چندہ کریں گے‘,pakistan
میم جو غم بھلا دے اور فلموں ڈراموں میں کام بھی دلا دے,pakistan
اگر معیشت کی شرح نمو اتنی اچھی ہے، تو اس کا اثر عام لوگوں کی جیب پر کیوں نہیں پڑ رہا؟,pakistan
ہراسانی کے خلاف ترمیمی قانون منظور، اس کی ضرورت کیوں پیش آئی؟,pakistan
کیا پاکستان میں صدارتی نظام نافذ کیا جا بھی سکتا ہے؟,pakistan
’میں نے کھانا بنانے کے لیے چاقو خریدا، قتل کرنے کے لیے نہیں‘، ملزم کا عدالت میں بیان,pakistan
یوٹیوب پر پریانتھا کے قتل کو درست کہنے پر شہری کو ایک سال قید کی سزا,pakistan
قوم کی بیٹی نصیبو لال: محمد حنیف کا کالم,pakistan
خواتین آن لائن ہراسانی کے واقعات ایف آئی اے کو رپورٹ کرنے میں ہچکچاہٹ کا شکار کیوں؟,pakistan
لاہور دھماکہ: نو برس کا ابصار ’کراچی پہنچ کر حفظ میں داخلہ‘ لینا چاہتا تھا,pakistan
کیا پاکستان میں ڈالر کی قیمت 200 روپے تک جا سکتی ہے؟,pakistan
پاکستان میں کووڈ کے نئے مریضوں کی ریکارڈ تعداد، ایک دن میں ساڑھے سات ہزار سے زیادہ نئے مریض,pakistan
سانحۂ مری رپورٹ: ’ایڈوائزریز اتنی تاخیر سے پڑھی گئیں کہ منصوبہ بندی اور تیاری کے لیے وقت ہی نہیں بچا تھا‘,pakistan
ملزم ظاہر جعفر کی سٹریچر پر عدالت میں پیشی، طبی معائنے میں ’فِٹ‘ قرار,pakistan
لاہور کے انارکلی بازار میں دھماکے سے تین ہلاک، متعدد زخمی,pakistan
میشا شفیع اور علی ظفر: گلوکاروں کے درمیان قانونی جنگ کی تفصیلات کیا ہیں؟,pakistan
’کوئی مانے نہ مانے پاکستانی سوشل میڈیا پر صدارتی نظام رائج ہو چکا ہے‘,pakistan
آئی سی سی کی ہر ٹیم میں پاکستانیوں کا راج: ’اس ون ڈے ٹیم کو تو انڈیا اے بھی ہرا دے گی‘,pakistan
امریکی منڈی تک رسائی کی دوڑ میں پاکستان، انڈیا اور بنگلہ دیش سے آگے کیسے نکلا؟,pakistan
دماغ میں کیڑے سے ہونے والے مرض کی سرجری: ’جب مریضہ آئیں تو انھیں جھٹکے لگ رہے تھے‘,pakistan
عثمان مرزا ویڈیو کیس: ’بار بار سوال کر کے مجھے پریشرائز کیوں کیا جا رہا ہے‘,pakistan
کرپٹو کیا ہے، یہ کیسے کام کرتا ہے اور کیا یہ واقعی مستقبل کی کرنسی ہے؟,pakistan
’توہین رسالت پر مبنی پیغام‘ بھیجنے والی خاتون کے لیے موت کی سزا,pakistan
نور مقدم کیس: ظاہر جعفر کو کرسی پر بٹھا کر عدالت میں کیوں لایا گیا؟,pakistan
’ایک دن پہلے ولیمہ ہوا، ہنی مون پر جانا تھا مگر قاتل نے اس کی مہلت ہی نہ دی‘,pakistan
ہما عابدین: ’ایبٹ آباد آپریشن کے بعد پاکستان گئے تو فوج نے نیم گرم چائے پیش کی‘,pakistan
’ریپ کے ملزمان کو پکڑنے کے لیے آٹھ گھنٹے فٹ پاتھ پر بیٹھ کر انتظار کیا‘,pakistan
جب پاکستانی فوجی راج کپور سے ملنے جلیبیاں لے کر سرحد پر آئے,pakistan
عثمان مرزا کیس: متاثرہ جوڑے کے ناقابل ضمانت وارنٹ گرفتاری جاری,pakistan
مدثر نارو کیس: ’جبری گمشدگیوں میں اگر ریاست ہی ملوث ہو تو تفتیش کون کرے گا؟‘,pakistan
سعادت حسن منٹو اور فلمی دنیا: جب منٹو کی کہانی کسی اور کے نام سے چل گئی,pakistan
ٹیسٹ ٹیوب نظام: عاصمہ شیرازی کا کالم,pakistan
’مردہ ماں کے پیٹ سے لٹکی بچے کی ٹانگ دیکھ کر آنکھوں کے سامنے اندھیرا چھا گیا‘,pakistan
’پولیس کو یہ اختیار کون دیتا ہے کہ وہ خواتین کو بھرے بازار میں مارے‘,pakistan
پاکستان کی قومی سلامتی پالیسی کے اہم نکات کیا ہیں؟,pakistan
نور مقدم کیس: ’عدالت جلد از جلد فیصلہ کرنا چاہتی ہے مگر وکیل صفائی تاخیری حربے استعمال کر رہے ہیں‘,pakistan
’میریٹل ریپ کے موضوع پر لڑکیاں کسی سے بات نہیں کر سکتیں، اپنی ساس سے بھی نہیں‘,pakistan
’بیوروکریسی اور جاگیرداروں کے گٹھ جوڑ نے میرے خواب چھین لیے‘,pakistan
وسعت اللہ خان کا کالم: پارلیمانی ریسلنگ چیمپیئن شپ,pakistan
پشاور کی ہندو برادری نے مردے دفنانے کا فیصلہ کیوں کیا؟,pakistan
جب انڈیا نے پنجاب کا 84 ہزار ایکڑ رقبہ پاکستان کے حوالے کر دیا,pakistan
آمنہ مفتی کا کالم ’اڑیں گے پرزے‘: توبہ یہ تبدیلی,pakistan
ظاہر جعفر کو سزائے موت سنائی جائے: نور مقدم کے والد کی عدالت سے استدعا,pakistan
’نصیبو لال پاکستان میں نور جہاں کی کمی کو پورا کرتی ہیں‘,pakistan
گاندھی کا قاتل گوڈسے: جس کا ہندو قوم پرست آر ایس ایس سے تعلق آج بھی ایک راز ہے,Aas Paas
انڈین فوج کی قید میں 14 سالہ عصمد علی: ’دو ماہ سے کھانے کا ہوش ہے نہ سونے کا‘,Aas Paas
چینی ’ٹائیگر کا سال‘ اور اس کی تقریبات,Aas Paas
ٹیپو سلطان: مذہبی رواداری کے علمبردار یا ہندو دشمن حکمران؟,Aas Paas
’میں سلمان خان کے نہیں اپنے نام سے مشہور ہونا چاہتی ہوں‘,Aas Paas
دلی میں مبینہ گینگ ریپ: ’خوف کے سبب کوئی بھی میری بہن کو بچانے نہیں آیا‘,Aas Paas
بچھڑا ہوا بھائی انڈیا سے پاکستان آئے گا تو ’ڈھول بجا کر سارا گاؤں اکٹھا کریں گے‘,Aas Paas
ممکن ہے ہلاک ہونے والا انڈین خاندان ’انسانی سمگلروں‘ کا شکار ہو گیا ہو: کینیڈین حکام,Aas Paas
چینی حکام جیت گئے: ہالی وڈ فلم ’فائٹ کلب‘ کی کہانی ہی بدل دی گئی,Aas Paas
'عمران خان کا بہت شکریہ، ایک گھنٹے میں میرے بھائی کو ویزا دے دیا',Aas Paas
’آپ گریجویٹس کو پکوڑے تلنے کو کیوں کہہ رہے ہیں؟‘,Aas Paas
انڈیا میں بانی پاکستان کی یادگار کا نام تبدیل کرنے کا مطالبہ کیوں کیا جا رہا ہے؟,Aas Paas
نیٹ فلکس: دنیا کی سب سے بڑی سٹریمنگ سروس انڈیا سے مایوس کیوں؟,Aas Paas
ہندوتوا ایجنڈے کی علمبردار بال ٹھاکرے کی پارٹی شیو سینا انڈیا میں مقبولیت کیوں نہ حاصل کر پائی؟,Aas Paas
ایف 35 سی: چین اور امریکہ میں سمندر میں گرنے والے لڑاکا طیارے تک پہلے پہنچنے کی دوڑ,Aas Paas
اترپردیش: سب سے بڑی ریاست کی انتخابی ریلیوں میں پاکستان، جناح اور طالبان کا ذکر حاوی,Aas Paas
انڈین گجرات کا کینیڈا میں لاپتہ ہونے والا خاندان اور اس کے خواب,Aas Paas
روس یوکرین تنازعہ اور چین کا مؤقف: اپنی’ دقیانوسی ذہنیت‘ چھوڑ دیں,Aas Paas
چینی نوجوان کی کہانی: پیدا کرنے والوں نے بیچ دیا، خریدنے والے مر گئے، پر بات یہیں نہیں رکتی,Aas Paas
یوم جمہوریہ پر وزیراعظم کی ٹوپی زیربحث: 'ہمارا میڈیا مودی جی کی ٹوپی کو سمجھنے میں پھنس گیا‘,Aas Paas
انڈین تاجر سے چوری کی گئی کروڑوں روپے مالیت کی کرپٹو کرنسی حماس کو منتقل ہوئی: پولیس,Aas Paas
جاسوسی کے الزام میں پاکستان کو مطلوب انڈین سفارتکار کے کراچی سے ڈرامائی فرار کی کہانی,Aas Paas
ممبئی میں سردی: ’20 ڈگری پر سردی محسوس کرنا لازمی ہے، ہمارے جذبات سمجھو‘,Aas Paas
رچررڈ گیئر کا شلپا شیٹی کو بوسہ: اداکارہ 15 سال بعد فحاشی پھیلانے کے الزامات سے بری,Aas Paas
اترپردیش: سب سے بڑی ریاست میں گائیوں کے جان لیوا حملے بڑا انتخابی مسئلہ کیوں؟,Aas Paas
’ضرورت پڑی تو ایران امریکہ کے ساتھ براہ راست بات چیت پر غور کرسکتا ہے‘,Aas Paas
’شہدا سے غداری‘ اور گاندھی کی پسندیدہ دُھن کی بازگشت: انڈیا کا یوم جمہوریہ متنازع کیوں بنا؟,Aas Paas
راجستھان کے ارب پتی تاجروں کے سنسان محل اور حویلیاں,Aas Paas
’ابوظہبی میں امریکی فوجی اڈے کو نشانہ بنایا گیا، جوابی کارروائی میں پیٹریاٹ میزائل استعمال ہوئے‘,Aas Paas
پاکستانی شہروں میں دہشتگردی کے حالیہ واقعات افغانستان میں ٹی ٹی پی پر پُراسرار حملوں کا ردعمل ہیں؟,Aas Paas
غریب انڈین نابینا طالبعلم پانچ کروڑ پاؤنڈ کی کمپنی کا مالک کیسے بنا؟,Aas Paas
40 سال پہلے بمبئی کے مِل مزدوروں کے بچے جرائم کی دنیا کے بادشاہ کیسے بنے؟,Aas Paas
معروف انڈین ایٹمی سائنسدان کی ہلاکت جو آج بھی مفروضوں اور سازشی نظریات کا گڑھ ہے,Aas Paas
اقوام متحدہ کے ’آر ٹو پی‘ اصول کی تشریح پر وزیر اعظم کی وضاحت,Aas Paas
انڈیا میں مسلم خواتین کے خلاف نفرت پھیلانے کا نیٹ ورک کیسے کام کرتا ہے؟,Aas Paas
کابل سے لاپتہ تمنا کی تلاش: ‘گھر کے اندر کوئی نہیں، دروازے پر ایک بڑے بوٹ کا نشان‘,Aas Paas
کیا جینیوا کنوینشنز ایکٹ کے تحت لندن پولیس انڈین فوج کے خلاف قانونی کارروائی کر سکتی ہے؟,Aas Paas
متحدہ عرب امارات پر یمنی باغیوں کے حملے سے خطے پر کیا اثر پڑے گا؟,Aas Paas
انڈیا نے فلپائن کو برہموس میزائل فروخت کرنے کا فیصلہ کیوں کیا؟,Aas Paas
میم جو غم بھلا دے اور فلموں ڈراموں میں کام بھی دلا دے,Aas Paas
کانگریس کی 'پوسٹر گرل' بی جے پی میں کیوں شامل ہو گئیں؟,Aas Paas
'معلوم نہیں تھا کہ شوہر کا زبردستی سیکس کرنا میریٹل ریپ کہلاتا ہے‘,Aas Paas
نریندر مودی کی حکومت مقبول یوٹیوب چینلز کے نشانے پر,Aas Paas
انڈیا، چین سرحد پر آخری سویلین آبادی کا سفر: اروناچل پردیش میں دونوں ملکوں کی فوجی تیاریاں,Aas Paas
انڈیا کا چینی فوج پر 17 سالہ انڈین نوجوان کو گرفتار کرنے کا الزام,Aas Paas
مسلم خواتین کے بارے میں ہتک آمیز گفتگو: ’یہ سوچ پدرشاہی ذہنیت کی دین ہے کہ عورتیں بہت نرم دل ہوتی ہیں‘,Aas Paas
بدتمیزی کی حد تک دوٹوک رویہ رکھنے والا شہر: ’ہمارے بیٹے کی شادی طے ہو گئی ہے، اب رشتے نہ لائیں‘,Aas Paas
اداکارہ رائمہ اسلام جن کے قاتلوں کا سراغ پلاسٹک کی ایک ڈوری سے ملا,Aas Paas
خونریز سرحدی جھڑپوں اور کشیدگی کے باوجود انڈیا کیوں چاہتا ہے کہ چین کے ساتھ تجارت جاری رہے؟,Aas Paas
ثانیہ مرزا نے ٹینس کو خیرباد کہنے کا ارادہ کر لیا,Aas Paas
'صرف حجاب پہننے کی اجازت چاہتی ہیں، جو ہماری شناخت سے جُڑا ہے‘,Aas Paas
موبائل فون کی طاقت: چین اور مغرب آمنے سامنے,Aas Paas
انڈیا کی ’سب سے طاقتور‘ وزیراعظم اپنے اقتدار کے عروج پر زوال کا شکار کیسے ہوئیں؟,Aas Paas
کیا ایرانی صدر کا دورۂ روس خطے میں بڑی تبدیلی کا پیش خیمہ ہو گا؟,Aas Paas
جب پاکستانی فوجی راج کپور سے ملنے جلیبیاں لے کر سرحد پر آئے,Aas Paas
انڈیا کی سلیبرٹی شیرنی ’کالر والی‘، ایک خوفناک شکاری بھی وفادار دوست بھی,Aas Paas
نریندر مودی کا خطاب: جب الفاظ نے ’عظیم مقرر‘ کا ساتھ چھوڑ دیا,Aas Paas
کولمبو پورٹ سٹی منصوبہ: ایک نیا دبئی یا ایشیا میں چین کی نئی ’چوکی‘؟,Aas Paas
سعادت حسن منٹو اور فلمی دنیا: جب منٹو کی کہانی کسی اور کے نام سے چل گئی,Aas Paas
’زینب کا آخری تحفہ شاید اب کبھی استعمال نہ کر پاؤں‘,Aas Paas
انڈین جج کی موت کا معمہ: آٹو رکشا سے ٹکر حادثہ تھی یا سازش؟,Aas Paas
شمالی کوریا کے غیرمعمولی میزائل تجربے کیا چین سے خفگی کا اظہار ہیں؟,Aas Paas
وراٹ کی میراث: کوہلی دھکا دیے جانے سے پہلے ہی کود پڑے,Aas Paas
برصغیر کی خوبصورت مغنیہ جن کی تصویر والے پوسٹ کارڈ دگنی قیمت پر فروخت ہوتے تھے,Aas Paas
طالبان کی قید میں اسلام قبول کرنے والا آسٹریلوی شہری دوبارہ افغانستان کیوں جانا چاہتا ہے؟,Aas Paas
انوشکا کا کوہلی کے نام پیغام: ’آپ نے کبھی بھی لالچ نہیں کیا اس عہدے کے لیے بھی نہیں‘,Aas Paas
جب انڈیا نے پنجاب کا 84 ہزار ایکڑ رقبہ پاکستان کے حوالے کر دیا,Aas Paas
جب ایک خوبصورت لڑکی نے کیفی اعظمی کے لیے اپنی منگنی توڑ دی,Aas Paas
افغانستان: لوگ گھر گرم کرنے کے لیے پلاسٹک جلانے پر مجبور,Aas Paas
طالبان سے چھپتے افغان اساتذہ: ‘ہم گھروں میں ایسے بیٹھے ہیں جیسے جیل میں ہوں‘,Aas Paas
’انسانی جسم میں سؤر کا دل لگانے کا تجربہ پہلے میں نے کیا تھا اور مجھے جیل بھیج دیا گیا‘,Aas Paas
وہ لمحہ جب ایک پتنگ نوجوان کو بھی اپنے ساتھ لے اڑی,Aas Paas
سری لنکا: تامل ٹائیگرز سے ’جنگ کے بعد کے دور میں اب مسلمان نئے دشمن ہیں‘,Aas Paas
اتر پردیش میں اہم انتخابات سے قبل بی جے پی رہنما پارٹی کیوں چھوڑ رہے ہیں؟,Aas Paas
’عمران خان سے کہو نا مجھے ویزا دے، انڈیا میں میرا کوئی نہیں ہے‘,Aas Paas
لوہڑی: آگ کی لو کی گرمجوشی اور شکر کی چاشنی کا تہوار,Aas Paas
کیا سیاچن سے فوج ہٹانے کے لیے پاکستان انڈیا کی پیشگی شرط تسلیم کر سکتا ہے؟,Aas Paas
خالد بلتی کی ہلاکت کی تصدیق: کراچی مدرسے کے سابق استاد اور ٹی ٹی پی کمانڈر کون تھے؟,Aas Paas
چینی خاتون کی اجنبی سے پہلی ملاقات جو لاک ڈاؤن میں بدل گئی,Aas Paas
قسمت بدلنے کے جنون میں مبتلا قوم جو خوش قسمتی کے حصول کے لیے کسی بھی حد تک جا سکتی ہے,Aas Paas
کیا ایران طالبان کو تسلیم کرنے کی تیاری کر رہا ہے؟,Aas Paas
نابالغ بیٹے کے ختنے کروانے اور تبدیلی مذہب کی درخواست دینے پر والدہ گرفتار,Aas Paas
چین: افغان سفیر سفارت خانے کو تالا لگا کر ’چابی بیجنگ میں قطر کے سفارتخانے کے پاس‘ چھوڑ گئے,Aas Paas
’سیکسسٹ‘ ٹویٹ: ثائنہ نہوال سے ’اپنے غیرمہذب مذاق پر معافی مانگتا ہوں‘,Aas Paas
انڈیا کے لیے امریکی شہریت ترک کرنے والی خاتون جنھیں ممبئی اب ایک ’جیل‘ لگتی ہے,Aas Paas
قطر کے پرل آئی لینڈ سے دبئی میں ’دی پام‘ تک: ’ہم مصنوعی جزیروں کے دور میں جی رہے ہیں‘,Aas Paas
انڈین پولیس فورس کے ’ابھینندن‘ جو اپنی مونچھوں کی وجہ سے معطل اور پھر بحال ہوئے,Aas Paas
تحریک طالبان پاکستان کی محمد خالد خراسانی کی ہلاکت کی خبروں کی تردید,Aas Paas
طالبان وزیر خارجہ کی تہران میں اپنے مخالف رہنماؤں احمد مسعود اور اسماعیل خان سے ملاقات,Aas Paas
20 کروڑ مسلمانوں کی نسل کشی کی دھمکی پر کیوں خاموش رہے، جاوید اختر کی مودی پر تنقید,Aas Paas
سُلی ڈیلز: مسلمان خواتین کی بولی لگانے والی ایپ کا مبینہ خالق گرفتار,Aas Paas
کابل ائیرپورٹ پر امریکی فوجی کو تھمایا گیا دو ماہ کا بچہ والدین تک کیسے پہنچا؟,Aas Paas
کشمیر میں مبینہ ’انکاؤنٹرز‘ اور ہلاکتیں: ’تمھارا بیٹا گاڑی میں ہے، خود اُتارو اور اس کو دفن کرو‘,Aas Paas
’انڈیا میں نفرت پھیلانے والے ہر شخص کے خلاف قانونی لڑائی لڑوں گا‘,Aas Paas
انڈیا میں وزیر اعظم کی سکیورٹی کے لیے سپیشل فورس کی ضرورت کیوں پیش آئی؟,Aas Paas
’میرا سب کچھ ختم ہو گیا، لگتا ہے ایران کی لغت میں انصاف نام کی کوئی چیز نہیں‘,Aas Paas
انڈیا میں بے روزگاری کی سنگین صورتحال: ڈگری یافتہ نوجوان معمولی نوکریاں کرنے پر مجبور,Aas Paas
خاتون کے بالوں پر تھوکنے کا معاملہ: معروف انڈین سٹائلسٹ جاوید حبیب کی معافی اور مقدمہ,Aas Paas
بُلی بائی ایپ کیس: ’ہم لڑکیاں بہت مشکل وقت سے گزر رہی ہیں لیکن انشااللہ ہم اس معاملے کو انجام تک پہنچائیں گی‘,Aas Paas
مودی کی سکیورٹی میں مبینہ کوتاہی: سپریم کورٹ نے سکیورٹی انتظامات کا ریکارڈ طلب کر لیا,Aas Paas
جرمنی نے یوکرین کو اسلحہ فراہم کرنے سے کیوں انکار کیا؟,world
شمالی کوریا: پانچ سال میں سب سے بڑا میزائل تجربہ، کم جونگ اُن چاہتے کیا ہیں؟,world
یوگینڈا ’رول پراٹھے‘ کا چیمپیئن بن گیا,world
کہکشاں میں ’پراسرار‘ شے کا انکشاف کرنے والے طالب علم کون ہیں؟,world
ٹرانس خاتون کی محبت کی تلاش: ’لوگ جنسی اعضا، سیکس سے متعلق پوچھتے تھے‘,world
روس کا یوکرین پر حملہ ’خوفناک‘ ہو گا، امریکی جنرل کی تنبیہ,world
بوتل میں بند ’امید کے پیغام‘ کا سمندر میں تین ہزار میل کا سفر,world
’کرائے کا قاتل‘ برطانوی شخص پاکستانی بلاگر وقاص گورایہ کے قتل کی سازش کا مجرم قرار,world
ممکن ہے ہلاک ہونے والا انڈین خاندان ’انسانی سمگلروں‘ کا شکار ہو گیا ہو: کینیڈین حکام,world
یوکرین تنازع: جنگی طیارے، ٹینک، بکتر بند گاڑیاں۔۔۔ روس کی تیاریاں عروج پر,world
حادثے کی وائرل تصویر: ’کشتی میں 40 لوگ تھے، صرف ایک زندہ بچا‘,world
ایف 35 سی: چین اور امریکہ میں سمندر میں گرنے والے لڑاکا طیارے تک پہلے پہنچنے کی دوڑ,world
امریکی بحریہ کے افسر کا نقد رقم، طوائفوں کی خدمات کے عوض ریاستی راز بیچنے کا اعتراف,world
جرمنی کی پانچ ہزار ہیلمٹ کی پیشکش ’ایک مذاق ہے، اس کے بعد کیا وہ تکیے بھیجے گا؟‘,world
انڈین گجرات کا کینیڈا میں لاپتہ ہونے والا خاندان اور اس کے خواب,world
’نازیوں کا شکاری‘ جو ہولوکاسٹ کے 80 سال بعد بھی ممکنہ مجرموں کے تعاقب میں ہے,world
’ریت کا وسیع ہوتا قالین‘: دبئی میں زرخیز زمین سمٹ کیوں رہی ہے؟,world
ہسپتال کا ویکسین نہ لگوانے والے شخص کے دل کی پیوندکاری سے انکار,world
پولیس برطانوی وزیرِاعظم کے گھر میں کس چیز کی تحقیقات کر رہی ہے؟,world
روسی جارحیت کا جواب دینے کے لیے توجہ اور طاقت کے ساتھ کام کر رہے ہیں: امریکہ,world
وقاص گورایہ کے قتل کی سازش کے الزام کے مقدمے میں جیوری کا فیصلے پر غور شروع,world
روس یوکرین تنازعہ اور چین کا مؤقف: اپنی’ دقیانوسی ذہنیت‘ چھوڑ دیں,world
سعودی عرب اور تھائی لینڈ میں نیلے ہیرے کی چوری پر منقطع ہونے والے سفارتی تعلقات 33 برس بعد بحال,world
کنوارپن بحالی کا آپریشن: ’مجھے لگا یہی ایک طریقہ ہے جس سے میں پہلے کی طرح ہو سکتی ہوں‘,world
انڈین تاجر سے چوری کی گئی کروڑوں روپے مالیت کی کرپٹو کرنسی حماس کو منتقل ہوئی: پولیس,world
الوداع سمارٹ فون: ’اب میرا دماغ ہر وقت کسی مشین سے نہیں بندھا رہتا‘,world
روس، یوکرین کشیدگی: نیٹو کیا ہے اور روس اس پر اعتبار کیوں نہیں کرتا؟,world
نیٹفلکس کی پہلی عربی فلم پر ہم جنس پرستی کو فروغ اور عرب اقدار کو نشانہ بنانے کا الزام,world
ملزم بلاگر گورایہ کو جلدی قتل کرنا چاہتا تھا تاکہ اسے مزید پراجیکٹ مل سکیں، استغاثہ کا عدالت میں بیان,world
’ہیلو، میں رات کو اکیلی گھر جا رہی ہوں، میں کسی سے بات کرنا چاہتی ہوں۔۔۔‘,world
’ضرورت پڑی تو ایران امریکہ کے ساتھ براہ راست بات چیت پر غور کرسکتا ہے‘,world
’ابوظہبی میں امریکی فوجی اڈے کو نشانہ بنایا گیا، جوابی کارروائی میں پیٹریاٹ میزائل استعمال ہوئے‘,world
مجھے نہیں معلوم کہ پاکستان میں کون وقاص گورایہ کو قتل کرانا چاہتا تھا، ملزم کا عدالت میں بیان,world
طیارے کے پہیوں میں چھپا نوجوان ’11 گھنٹے طویل‘ پرواز کے بعد ایمسٹرڈیم پہنچ گیا,world
آبدوز کے ذریعے منشیات سمگلنگ: ’خوفناک لہروں کے بیچ محسوس ہوا کہ آخری وقت قریب آ گیا‘,world
جاپانی فوجی جو عالمی جنگ ختم ہونے کے 28 سال بعد تک جنگل میں چھپا رہا,world
کیمبرج کے ایک ہوٹل سے روبوٹ ویکیوم کلینر عملے کو چکمہ دے کر فرار ہونے میں کامیاب,world
اقوام متحدہ کے ’آر ٹو پی‘ اصول کی تشریح پر وزیر اعظم کی وضاحت,world
دولتِ اسلامیہ کا شام کی جیل پر تازہ حملہ,world
ترکی میں صحافی کو شو کے دوران ایک محاورہ کہنے پر جیل میں ڈال دیا گیا,world
نصرت غنی: ‘مجھے مسلمان ہونے کی وجہ سے نوکری سے نکالا گیا‘,world
برطانیہ کا صدر پوتن پر یوکرین میں ماسکو نواز شخص منتخب کرنے کی سازش کا الزام,world
کیا جینیوا کنوینشنز ایکٹ کے تحت لندن پولیس انڈین فوج کے خلاف قانونی کارروائی کر سکتی ہے؟,world
برطانیہ کی وہ پرخطر سڑک جس پر کی گئی ایک غلطی بھی جان لیوا ثابت ہو سکتی ہے,world
متحدہ عرب امارات پر یمنی باغیوں کے حملے سے خطے پر کیا اثر پڑے گا؟,world
مسافر کے ماسک نہ پہننے پر لندن آنے والی فلائٹ واپس موڑ لی گئی,world
امریکی شخص گھر میں 124 زہریلے سانپوں کے درمیان مردہ پایا گیا,world
’میں نے کھانا بنانے کے لیے چاقو خریدا، قتل کرنے کے لیے نہیں‘، ملزم کا عدالت میں بیان,world
’اگر تم نے دوبارہ احتجاج کیا، تو ہم تمھیں مار ڈالیں گے‘,world
جاپان میں نئی لینڈ کروزر آج آرڈر کریں تو چار سال تک کا انتظار کرنا پڑ سکتا ہے,world
یو اے ای میں حوثی حملے میں مارا جانے والا پاکستانی: ’زندگی بچوں کے بغیر گزری، آئندہ لمبی چھٹی پر آؤں گا‘,world
ایک صحافی، پانچ خودکش حملے: ’حملہ آور کے جسم کے ٹکڑے گاڑی پر گِرے‘,world
’کوئی بھی حملہ چھوٹا نہیں ہوتا‘، یوکرین کا بائیڈن کو جواب,world
'اگر ہالینڈ والا پراجیکٹ کر لیا تو تین، چار ایسے ہی اور مواقع پیدا ہو سکتے ہیں'، ملزم کا عدالت میں بیان,world
فائیو جی: آپ کا فون طیاروں کے نظام میں خلل کا باعث کیسے بن سکتا ہے؟,world
امریکی منڈی تک رسائی کی دوڑ میں پاکستان، انڈیا اور بنگلہ دیش سے آگے کیسے نکلا؟,world
یہودی عبادت گاہ پر حملہ: ’میں مرنے کے لیے آیا ہوں، اس کے لیے میں دو سال سے دعا کر رہا تھا‘,world
وہ لمحہ جب بینظیر کے منع کرنے کے باوجود یاسر عرفات نے مصافحے کے لیے ہاتھ بڑھایا,world
میرا وقاص گورایہ کو قتل کرنے کا کوئی ارادہ نہیں تھا، ملزم کا عدالت میں بیان,world
ترک جوڑے کی وقت گزاری کے لیے شروع کی جانے والی سرگرمی جو کامیاب کاروبار میں بدل گئی,world
ہما عابدین: ’ایبٹ آباد آپریشن کے بعد پاکستان گئے تو فوج نے نیم گرم چائے پیش کی‘,world
وہ ٹیسٹ میچ جسے ہنسی کرونیے نے پانچ ہزار پاؤنڈ اور لیدر جیکٹ کے عوض فروخت کیا,world
کیا ایرانی صدر کا دورۂ روس خطے میں بڑی تبدیلی کا پیش خیمہ ہو گا؟,world
سعودی عرب: ہراسانی کے مبینہ واقعات، ’افواہیں‘ پھیلانے پر سزا کا اعلان,world
فضائی کمپنیوں کے خدشات کے بعد امریکی ائیرپورٹس پر فائیو جی کی فراہمی ملتوی,world
برطانیہ کا یوکرین کو روس کے خلاف ٹینک شکن میزائل فراہم کرنے کا اعلان,world
ایوکاڈو: وہ قیمتی پھل جسے چوروں سے بچانے کے لیے کسان محافظ رکھتے ہیں,world
حوثی باغیوں کی یو اے ای کو ’مزید حملوں‘ کی دھمکی، سعودی اتحاد کی یمن میں بمباری، ہلاکتوں کی اطلاعات,world
31 گیندوں پر سنچری جس پر کرس گیل بھی ’مسٹر 360‘ کو ’لیجنڈ‘ کہے بغیر نہ رہ سکے,world
امریکہ میں یہودی عبادت گاہ پر حملہ: ’میں نے حملہ آور پر کرسی پھینکی اور دروازے کی طرف بھاگا‘,world
نازیوں کو این فرینک کی مخبری کرنے والے مبینہ شخص کی 77 سال بعد شناخت,world
’گنجوں کے سر میں سونا`: موزمبیق میں توہم پرستی کے نتیجے میں مردوں کے قتل,world
شمالی کوریا کے غیرمعمولی میزائل تجربے کیا چین سے خفگی کا اظہار ہیں؟,world
’ترکی میرا گھر ہے لیکن مجھے بیرونِ ملک بہتر زندگی چاہیے‘,world
امریکہ میں یہودی عبادت گاہ پر حملہ: برطانیہ میں گرفتاریاں، ’میرا بھائی ذہنی بیماری کا شکار تھا‘,world
طالبان کی قید میں اسلام قبول کرنے والا آسٹریلوی شہری دوبارہ افغانستان کیوں جانا چاہتا ہے؟,world
آتش فشاں پھٹنے کے بعد راکھ میں ڈھکا ٹونگا ’چاند کی سطح‘ کا منظر پیش کرنے لگا,world
جوکووچ کی ویزہ بحالی کی اپیل مسترد، آسٹریلیا سے ملک بدر کر دیا گیا,world
روس نے آن لائن حملوں اور تاوان میں ملوث گروہ کا ’خاتمہ‘ کر دیا,world
عرب سپرنگ: ایک طاقتور آمر کی ڈوبتا اقتدار بچانے کے آخری لمحات میں فون کالز,world
روس یوکرین تنازع: امریکہ کا روس پر اشتعال انگیز کارروائیوں کی سازش کا الزام,world
طالبان سے چھپتے افغان اساتذہ: ‘ہم گھروں میں ایسے بیٹھے ہیں جیسے جیل میں ہوں‘,world
اپنی موت کا ڈرامہ کرنے والا امریکہ سے مفرور شخص گلاسگو سے گرفتار,world
شمالی کوریائی ہیکرز نے 2021 میں 400 ملین ڈالر مالیت کی کرپٹو کرنسی چوری کی,world
ملکہ برطانیہ کے شوہر کی آخری رسومات سے پہلے پارٹیاں منعقد کرنے پر ڈاؤنِنگ سٹریٹ کی معذرت,world
شام میں ’جنگی جرائم‘ پر شامی فوج کے کرنل کو جرمن عدالت سے سزا,world
پاکستانی بلاگر کے قتل کی منصوبہ بندی، ’کرائے کے قاتل‘ کے خلاف لندن میں مقدمہ شروع,world
اسرائیل کا ایرانی جاسوسائیں گرفتار کرنے کا دعوی,world
دولت اسلامیہ کی دلہن بننے والی خاتون کی امریکہ واپس لوٹنے کی درخواست مسترد,world
قسمت بدلنے کے جنون میں مبتلا قوم جو خوش قسمتی کے حصول کے لیے کسی بھی حد تک جا سکتی ہے,world
شہزادہ اینڈریو سے شاہی اور فوجی اعزازات اور خطابات واپس لے لیے گئے,world
’ماں کی جان بچانے کے لیے اجنبی خاتون کو گردہ عطیہ کر دیا‘,world
قطر کے پرل آئی لینڈ سے دبئی میں ’دی پام‘ تک: ’ہم مصنوعی جزیروں کے دور میں جی رہے ہیں‘,world
ایک جنگی قیدی اور اُن کے محافظ میں ہونے والی غیرمعمولی دوستی کی داستان,world
پولیس اہلکار ڈکیتی روکنے کے بجائے اپنے موبائل پر گیم کھیلتے رہے,world
فوجی بیرک میں بند کر کے ’25 راتوں تک وہ ہر رات میرا ریپ کرتے رہے‘,world
امریکی شہری کو سؤر کا دل لگا دیا گیا، کارنامہ سرانجام دینے والی ٹیم میں پاکستانی ڈاکٹر بھی شامل,world
سویڈن میں ڈرون طیارے نے ہارٹ اٹیک کے دوران ایک شخص کو بچا لیا,world
انڈین میڈیا میں قزاقستان اور یوکرین کی کوریج پر روس کیوں بے چین ہے؟,world
بی بی سی کے دفتر کی لِفٹ میں پھنسنے سے وزیر کو انٹرویو کے لیے پہنچنے میں تاخیر,world
فخر زمان کی شاندار سنچری، لاہور کراچی سے آگے نکل گیا,khel
’کووڈ نے سب بدل دیا، کوئی چیز نہیں بدلی تو قلندرز کی شکست کی ریت‘,khel
’شعیب ملک پریشر اور زیادہ سکور والے میچز میں بہترین پرفارمنس کا مظاہرہ کرتے ہیں‘,khel
پاکستان کرکٹ میں پی ایس ایل کا کرشمہ,khel
’انڈین بکیز نے میری کوکین استعمال کرنے کی ویڈیو دکھا کر مجھے بلیک میل کیا‘,khel
دفاعی چیمپیئن ملتان سلطانز کی اجارہ داری برقرار: ’کراچی کنگز رضوان کو نہ رکھنے پر پچھتا رہے ہوں گے‘,khel
’لیگوں‘ کے دور میں ’کچھ الگ‘ سی پی ایس ایل,khel
سپاٹ فکسنگ، عدالتی معاملات اور بند فائل: مگر پھر سیٹی ایسی بجی کہ پی ایس ایل دلوں میں بس گئی,khel
وزیِراعظم کے اشتہار کے بعد ’جو نہیں بھی دیکھتا تھا وہ بھی دیکھے گا۔۔۔ واہ کیا زبردست مارکیٹنگ ہے‘,khel
بہترین فرسٹ کلاس ریکارڈ کے باوجود صرف دو ٹیسٹ میچ کھیلنے والے آفتاب بلوچ,khel
پی ایس ایل 7: لاہور ہائیکورٹ نے اے آر وائی اور پی ٹی وی کے خلاف جیو کی پٹیشن مسترد کر دی,khel
’کہا کرتے تھے کہ اپنا ٹائم آئے گا، تو دیکھیں کرکٹ پر ہمارے راج کرنے کا ٹائم آ گیا‘,khel
گلی کرکٹ سے ایمرجنگ پلیئر آف دی ایئر تک: ’ابھی تو میرے سفر کا آغاز ہوا ہے‘,khel
’زیادہ خوشی پاکستان کا نام آنے کی ہے‘: محمد رضوان آئی سی سی ٹی 20 ’کرکٹر آف دی ایئر‘,khel
آئی سی سی کی ہر ٹیم میں پاکستانیوں کا راج: ’اس ون ڈے ٹیم کو تو انڈیا اے بھی ہرا دے گی‘,khel
ثانیہ مرزا نے ٹینس کو خیرباد کہنے کا ارادہ کر لیا,khel
31 گیندوں پر سنچری جس پر کرس گیل بھی ’مسٹر 360‘ کو ’لیجنڈ‘ کہے بغیر نہ رہ سکے,khel
وراٹ کی میراث: کوہلی دھکا دیے جانے سے پہلے ہی کود پڑے,khel
جوکووچ کی ویزہ بحالی کی اپیل مسترد، آسٹریلیا سے ملک بدر کر دیا گیا,khel
انوشکا کا کوہلی کے نام پیغام: ’آپ نے کبھی بھی لالچ نہیں کیا اس عہدے کے لیے بھی نہیں‘,khel
کچھ کھلاڑی ویکسین لگوانے سے اتنا ہچکچاتے کیوں ہیں؟,khel
وہ لمحہ جب ایک پتنگ نوجوان کو بھی اپنے ساتھ لے اڑی,khel
انڈیا پاکستان سمیت چار ملکوں کی سیریز، کیا رمیز راجہ کا خواب سچ ہو پائے گا؟,khel
پی ایس ایل 7: کس ٹیم میں کون کون شامل اور ٹکٹوں کا حصول کیسے ممکن؟,khel
’جوکووچ اب ٹائٹل کا دفاع تو نہیں مگر ویکسین کے ذریعے اپنا دفاع ضرور کر سکتے ہیں‘,khel
بنگلہ دیش کی نیوزی لینڈ کی سرزمین پر 21 برس میں پہلی فتح: ’یہ ٹیسٹ کرکٹ کا بڑا اپ سیٹ ہے‘,khel
’بائیں ہاتھ کے بلے بازوں کو اب کوئی خطرہ نہیں، پروفیسر نے کرکٹ کو الوداع کہہ دیا‘,khel
سابق باکسنگ چیمپیئن: ’علاج نہ ہوا تو تمغے جلا دوں گا‘,khel
کوہلی کی کپتانی پھر زیر بحث: ’بی سی سی آئی اور سلیکٹرز کوہلی کو ٹی 20 کا کپتان برقرار رکھنا چاہتے تھے‘,khel
پاکستانی سرزمین پر اولین ٹیسٹ: ’میچ کھلانے کی خوشخبری سنا کر بارہواں کھلاڑی بنا دیا گیا‘,khel
سنہ 2021 پاکستان کرکٹ کے لیے کامیاب سال لیکن کام اب بھی باقی ہے,khel
’شامی نے پانچ وکٹیں حاصل کر لیں شاید اب وہ پاکستانی نہیں ہیں‘,khel
’جیفری بائیکاٹ نے جتنے رنز بنائے، وہ اتنے ہی دشمن بنانے کی صلاحیت بھی رکھتے تھے‘,khel
ایشین چیمپیئنز ٹرافی: پاکستان کے بعد انڈیا بھی گولڈ میڈل کی دوڑ سے باہر,khel
نیوزی لینڈ کا دو مرحلوں میں دورہِ پاکستان کا اعلان، ’تجربہ کار کرکٹرز کا ہونا ضروری ہے‘,khel
سمیع چوہدری کا کالم: ٹی ٹوئنٹی کرکٹ کا ڈان بریڈمین,khel
’بابر اور رضوان میں سے بڑا کھلاڑی کون، یہ کہنا مشکل ہے‘,khel
وراٹ کوہلی کی روہت شرما سے اختلافات کی تردید، مگر کیا سب واقعی ٹھیک ہے؟,khel
رنز کپتان بابر سے روٹھے ہوئے ہیں لیکن ان کی ٹیم کی دو دنوں میں دوسری جیت,khel
جب پہلی بار کوئی ٹیسٹ میچ ٹائی ہوا,khel
’یہ ویسٹ انڈیز کے بس کی بات ہی نہیں تھی‘,khel
بابر اعظم کے صفر کے باوجود پاکستان کے 200 نے فل سِمنز کی ٹیم کو شکست دے دی,khel
سمیع چوہدری کا کالم: ’پاکستان کرکٹ کے لیے محفوظ ملک ہے‘,khel
گواسکر سے لے کر کوہلی تک، انڈین کپتانوں کی تبدیلی پر تنازع کیوں,khel
زیدان اقبال: مانچسٹر یونائیٹڈ کے پہلے پاکستانی نژاد برطانوی فٹبالر کون ہیں؟,khel
میزبان یاد رکھیں گے بابر اعظم کی پاکستانی ٹیم ڈھاکہ آئی تھی,khel
’اکیلے ساجد خان نے میچ کو زندہ کر دیا',khel
ڈھاکہ ٹیسٹ : خوف شاہین آفریدی کا تھا یہ ساجد خان کہاں سے آگئے؟,khel
امریکہ کا بیجنگ کے سرمائی اولمپکس کے سفارتی بائیکاٹ کا اعلان,khel
اننگز میں دس وکٹیں: جم لیکر اور انیل کمبلے کے ساتھ اب اعجاز پٹیل کا نام بھی لکھا جائے گا,khel
’لاپتہ‘ کھلاڑی کے معاملے پر چین میں تمام عالمی ٹینس ٹورنامنٹ معطل,khel
باڈی لائن: ڈرامہ جو بریڈمین کو ناکام کرنے کے لیے رچایا گیا,khel
سمیع چوہدری کا کالم: عابد علی کی جارحیت اور تائج الاسلام کے ’سپنے‘,khel
سب کو یقین آگیا کہ پاکستان آٹھ وکٹوں سے جیت گیا,khel
وسوسوں پر ُامیدیں حاوی، جیت صرف 93 رنز کی دوری پر,khel
سمیع چوہدری کا کالم: ’آفریدی کو صرف پندرہ گیندیں درکار تھیں‘,khel
عظیم رفیق کیس: یارکشائر کے سابق کھلاڑی کے ساتھ مبینہ نسل پرستی پر مائیکل وان کی معافی,khel
وائٹ واٹر کیاکنگ کیا ہے اور امریکی مہم جوؤں نے اس کھیل کے لیے پاکستان کا رخ کیوں کیا؟,khel
راہل ڈراوڈ: انڈین کرکٹ کا فولاد جس سے اب لامحدود امیدیں وابستہ ہیں,khel
زلزلے کے جھٹکوں سے سنبھلی بنگلہ دیشی بیٹنگ لائن: لٹن داس کی سنچری، مشفق کے ساتھ ڈبل سنچری پارٹنرشپ,khel
پاکستان بمقابلہ بنگلہ دیش ٹیسٹ سیریز: ’مومن الحق کو پریشانی صرف یہ ہے۔۔۔‘,khel
فرانسیسی فٹبالر کریم بنزیما نے ساتھی کھلاڑی کو ‘سیکس ٹیپ کے ذریعے بلیک میل کیا‘,khel
99 برس کے سائیکلسٹ نے عالمی مقابلے میں چاندی کا تمغہ جیت لیا,khel
’وہ ایک ٹیم بن چکے ہیں‘,khel
اپنی شرمندگی پر قابو پایا اور 74 سال کی عمر میں بلیک بیلٹ حاصل کرلی,khel
ڈرامائی آخری اوور کے بعد پاکستان کی پانچ وکٹ سے جیت، سیریز میں تین صفر سے کامیابی,khel
’یقین کریں ایسا لگ رہا ہے کہ میچ پاکستان میں ہو رہا ہے‘,khel
کبھی کبھار آٹھ بولرز بھی کم پڑ جاتے ہیں: سمیع چوہدری کا تجزیہ,khel
جب ایک بیٹسمین کی وجہ سے کرکٹ بیٹ کے قوانین بدلنے پڑے,khel
'محمد نواز صرف بولنگ کرنا ہی نہیں جانتے',khel
’حسن علی نے ثابت کیا کہ وہ ایک فائٹر ہیں‘,khel
نامناسب پیغامات کا معاملہ، ٹم پین آسٹریلوی ٹیم کی کپتانی سے مستعفی,khel
یہ شاداب خان کا ’دوسرا جنم‘ ہو سکتا ہے,khel
یارکشائر کے سابق کھلاڑی عظیم رفیق نے یہودی مخالف فیس بک پیغامات پر معذرت کر لی,khel
بنگلہ دیش میں پاکستانی کرکٹ ٹیم کی جانب سے پریکٹس کے دوران پاکستانی جھنڈا لگانے پر بحث,khel
پاکستان کرکٹ کا وہ ’ہتھیار‘ جس کے یارکرز سے بچنے کے لیے سٹیل کیپس پہننے کا مشورہ دیا گیا,khel
یہ ’قسمت‘ کا ورلڈ کپ تھا: سمیع چوہدری کا تجزیہ,khel
وہ ریکارڈ جن کی وجہ سے یہ ٹی ٹوئنٹی ورلڈ کپ یاد رہے گا,khel
آسٹریلیا نے اپنا پہلا ٹی ٹوئنٹی ورلڈ کپ جیت لیا، نیوزی لینڈ کو آٹھ وکٹوں سے شکست,khel
’شعیب اختر میں بہت معذرت چاہتا ہوں‘ -- ’بس ٹھیک ہے سر یہ آپ کو بہت پہلے کہہ دینا چاہیے تھا‘,khel
’رضوان کی حالت دیکھ کر خیال آیا کہیں یہ ہارٹ اٹیک تو نہیں‘,khel
کیا پاکستان اپنی ’ڈریم ٹیم‘ بنانے میں کامیاب ہو گیا ہے؟,khel
’کوئی سوچ سکتا ہے کہ رضوان نے دو دن ہسپتال میں گزار کر بہترین پرفارمنس دی‘,khel
شاید وہ کیچ ٹرننگ پوائنٹ نہیں تھا: سمیع چوہدری کا تجزیہ,khel
شکست کے بعد ڈریسنگ روم میں ہمت کا پیغام: ’پتہ ہے سب کو دکھ ہے، کوئی نہ گرے۔۔۔ یہ چیز ٹوٹے نہ‘,khel
'کیا حسن علی نے ورلڈ کپ گرا دیا۔۔۔‘,khel
میتھیو ویڈ اور مارکس سٹوئنس کی ناقابل شکست شراکت، آسٹریلیا فائنل میں پہنچ گیا,khel
وراٹ اور انوشکا کی بیٹی کو ریپ کی دھمکی، ایک انجینیئر گرفتار,khel
کیا فخر زمان اپنا ’جینئس‘ دہرا پائیں گے؟,khel
کیا سیمی فائنل میں آسٹریلیا کو ہرا کر پاکستان ایک نئی تاریخ رقم کر پائے گا؟,khel
پاکستانی کرکٹ سٹارز جنھوں نے غربت کو شوق کی راہ میں رکاوٹ نہ بننے دیا,khel
سمیع چوہدری کا تجزیہ: ڈیرل مچل کے صبر نے مات دے دی,khel
ڈیرل مچل، جمی نیشم کی دھواں دار بیٹنگ، نیوزی لینڈ اپنے پہلے ٹی ٹوئنٹی ورلڈ کپ فائنل میں,khel
’آسٹریلیا اور انگلینڈ کو۔۔۔ صرف ایک بات کی فکر کرنی چاہیے اور وہ ہے پاکستانی ٹیمʹ,khel
ولیمسن ماضی سے سبق سیکھ پائیں گے یا انگلینڈ کی جیت سے تاریخ خود کو دہرائے گی؟,khel
حریف ٹیم کے ڈریسنگ روم میں جانے کی روایت پاکستانی ٹیم نے شروع کی,khel
آئی سی سی ٹی ٹوئنٹی ورلڈ کپ انڈیا کے لیے ایک ڈراؤنا خواب کیوں ثابت ہوا؟,khel
’تھینک یو کوہلی، قسمت بھی کوئی چیز ہے مگر ہم ہمیشہ آپ کو چاہیں گے‘,khel
انڈیا کی نمیبیا کے خلاف آخری میچ میں نو وکٹوں سے جیت،'کوہلی آپ نے مجھے رلا دیا',khel
دس کروڑ ہرجانے کے نوٹس کے بعد شعیب اختر کا مقابلہ کرنے کا اعلان,khel
’میں سلمان خان کے نہیں اپنے نام سے مشہور ہونا چاہتی ہوں‘,Fun Fankar
فلم ’جاوید اقبال‘ کی ریلیز پر پابندی: ’آپ کے سینما گھروں میں ساس بہو کے ڈراموں کی قسطیں ہی چلیں گی‘,Fun Fankar
چینی حکام جیت گئے: ہالی وڈ فلم ’فائٹ کلب‘ کی کہانی ہی بدل دی گئی,Fun Fankar
نیٹ فلکس: دنیا کی سب سے بڑی سٹریمنگ سروس انڈیا سے مایوس کیوں؟,Fun Fankar
’بیٹیوں کی بجائے بیٹوں کو توجہ دیں کیونکہ بعض مرد بالغ ہو کر جانور بن جاتے ہیں‘,Fun Fankar
’خاندان کی عزت نیلام ہو گئی اور تم بیٹے کی عمر کے لڑکے سے شادی کر کے کھڑی ہو‘,Fun Fankar
اذان سمیع خان: ’ایک لمحہ‘ بناتے ہوئے دماغ میں صرف مایا علی کا ہی چہرہ آیا,Fun Fankar
رچررڈ گیئر کا شلپا شیٹی کو بوسہ: اداکارہ 15 سال بعد فحاشی پھیلانے کے الزامات سے بری,Fun Fankar
’بھوانی جنکشن‘: جب لاہور کے لوگ ہالی وڈ اداکارہ ایوا گارڈنر کے عشق میں مبتلا ہوئے,Fun Fankar
قوم کی بیٹی نصیبو لال: محمد حنیف کا کالم,Fun Fankar
میشا شفیع اور علی ظفر: گلوکاروں کے درمیان قانونی جنگ کی تفصیلات کیا ہیں؟,Fun Fankar
جب پاکستانی فوجی راج کپور سے ملنے جلیبیاں لے کر سرحد پر آئے,Fun Fankar
سعودی عرب: ہراسانی کے مبینہ واقعات، ’افواہیں‘ پھیلانے پر سزا کا اعلان,Fun Fankar
سعادت حسن منٹو اور فلمی دنیا: جب منٹو کی کہانی کسی اور کے نام سے چل گئی,Fun Fankar
’میریٹل ریپ کے موضوع پر لڑکیاں کسی سے بات نہیں کر سکتیں، اپنی ساس سے بھی نہیں‘,Fun Fankar
برصغیر کی خوبصورت مغنیہ جن کی تصویر والے پوسٹ کارڈ دگنی قیمت پر فروخت ہوتے تھے,Fun Fankar
جب ایک خوبصورت لڑکی نے کیفی اعظمی کے لیے اپنی منگنی توڑ دی,Fun Fankar
’نصیبو لال پاکستان میں نور جہاں کی کمی کو پورا کرتی ہیں‘,Fun Fankar
’سیکسسٹ‘ ٹویٹ: ثائنہ نہوال سے ’اپنے غیرمہذب مذاق پر معافی مانگتا ہوں‘,Fun Fankar
سنگِ ماہ: عورت پر حق ملکیت جتانے کی قبائلی رسم ’غگ‘یا ’ژغ‘ کیا ہے؟,Fun Fankar
جلال چانڈیو، چرواہے سے گلوکار تک کا سفر: ’اُن کی دستیابی دیکھ کر شادی کی تاریخ طے کی جاتی‘,Fun Fankar
’ہمایوں سعید سے بہتر ڈاکٹر حسنات کا کردار کوئی نہیں نبھا سکتا‘,Fun Fankar
خاتون کے بالوں پر تھوکنے کا معاملہ: معروف انڈین سٹائلسٹ جاوید حبیب کی معافی اور مقدمہ,Fun Fankar
’اوباش مردوں کی گھورتی نظروں کو جھکانے والا‘ آئٹم سانگ تنقید کی زد میں کیوں؟,Fun Fankar
نئے سال میں شاہ رخ، عامر اور سلمان خان کی کن فلموں کا بےچینی سے انتظار رہے گا؟,Fun Fankar
گیتانجلی البم: پروین شاکر کا شعری کارنامہ جس کے چھپنے سے پہلے وہ زندگی کی بازی ہار گئیں,Fun Fankar
فلم 83: سنہ 1983 میں انڈیا کی ورلڈ کپ میں تاریخی جیت کو بالی وڈ کا خراج تحسین,Fun Fankar
سنی لیونی کا نیا گانا 'مدھوبن‘ تنازع کا شکار کیوں؟,Fun Fankar
اسرائیلی ’جادوگر‘ جو اپنی مافوق الفطرت صلاحیتوں کے باعث خفیہ ایجنسیوں کی نظروں میں آئے,Fun Fankar
’بار بار حمل ضائع ہونے پر مجھے لگا شاید مجھ میں ہی کوئی خرابی ہے‘,Fun Fankar
’ہم لطیفے بنا کر ہنستے ہیں، کامیڈی ہمارا سیلف ڈیفینس میکینزم ہے‘,Fun Fankar
فلم 83: ’کپل دیو کی بیوی کے کردار کے لیے دیپیکا کے پاس ہی جاتا، چاہے وہ رنویر سے شادی نہ بھی کرتیں‘,Fun Fankar
سعودی میوزک فیسٹیول میں ہراسانی: ’متاثرہ خاتون غیر ملکی ہو صرف تب دھیان دیا جاتا ہے‘,Fun Fankar
100 بچوں کے قاتل جاوید اقبال پر فلم: ’یہ پاکستان کی تاریخ کا ایسا واقعہ ہے جسے یاد رکھنا چاہیے‘,Fun Fankar
متحدہ عرب امارات میں بالغ فلموں کی سینسرشپ ختم,Fun Fankar
’میری بیٹی کو وہ نہیں سننا چاہیے جو سلمان خان نے بگ باس میں کہا‘,Fun Fankar
’نیٹ فلکس کو لگتا ہے ہم بولڈ ڈرامے نہیں بنا سکتے‘,Fun Fankar
پاکستانی فنکار نیٹفلِکس کے لیے ڈرامے یا فلمیں کیوں نہیں بنا رہے؟,Fun Fankar
’کم عمری میں پورن دیکھنے سے ذہن تباہ ہو گیا، ڈراؤنے خواب آنے لگے‘,Fun Fankar
فلمی دنیا کا حاکم خاندان، جس کے فن کا آغاز لائل پور کی گلیوں سے ہوا,Fun Fankar
پاکستانی ڈراموں میں خودکشی کا موضوع: ’یہ کیسا تفریحی مواد ہے اور یہ کس قسم کا پیغام دیا جا رہا ہے‘,Fun Fankar
صنف آہن: ’پہلی بار گن چلائی تو دل دھک دھک کر رہا تھا‘,Fun Fankar
مریم نواز: پہلے گانا، اور اب پہناوا سوشل میڈیا پر زیر بحث,Fun Fankar
دلیپ کمار: پہلی 11 دسمبر جو سائرہ بانو اپنے ’صاحب‘ کے بغیر گزاریں گی,Fun Fankar
کترینہ کیف اور وکی کوشل کی شادی کی تصاویر آتے ہی سوشل میڈیا پر سلمان خان کے مِیمز بننے لگے,Fun Fankar
’میں نے اپنے دماغ کے ٹیومر پر ہنسنے کا فیصلہ کیا‘,Fun Fankar
دلِ مومن: ’اداکار کی کوئی عمر نہیں ہوتی، کردار کی ہوتی ہے‘,Fun Fankar
جوش کا فلمی سفر: جب شاعرِ انقلاب کا نغمہ ’فحش‘ ٹھہرا,Fun Fankar
وہ سات سو سال پرانا قلعہ جہاں کترینہ کیف اور وکی کوشل کی شادی ہو گی,Fun Fankar
اب آپ بھی فلم ’ہوم الون‘ کے گھر میں رات گزار سکتے ہیں,Fun Fankar
خواتین بالی وڈ سٹار شاہ رخ خان کو کیوں پسند کرتی ہے؟,Fun Fankar
سلمان خان کو اپنی فلم ’انتِم‘ کی ہیروئن سے معافی کیوں مانگنی پڑی؟,Fun Fankar
پی ٹی وی نے جیتی ہوئی بازی کیسے ہاری؟,Fun Fankar
کورین میوزک اور ڈرامے: پاکستانی نوجوان ’کے پاپ‘ کے دیوانے کیوں؟,Fun Fankar
کورین میوزک کی دیوانی ’پاکستانی بی ٹی ایس آرمی‘,Fun Fankar
گریمی کے لیے نامزد پاکستانی گلوکارہ عروج آفتاب کون ہیں؟,Fun Fankar
چاکلیٹی ہیرو جن کی مقبولیت سے ہیروئنز کے شوہر بھی خائف تھے,Fun Fankar
’مجھے ماں کے کردار کرنے سے کوئی مسئلہ نہیں بشرطیکہ وہ حقیقت کے قریب ہوں‘,Fun Fankar
’مجھ سے پہلی سی محبت۔۔۔‘: فیض نے یہ نظم کس کی یاد میں لکھی تھی,Fun Fankar
’میں نے انڈسٹری میں سٹیریو ٹائپ کو توڑا ہے‘,Fun Fankar
‘میں ایسے انڈیا سے ہوں جہاں دن میں عورت کی پوجا اور رات کو گینگ ریپ ہوتا ہے‘,Fun Fankar
انڈین فلم ’جے بھیم‘ جو مقبولیت میں ’گاڈ فادر‘ جیسی کلاسک فلموں کو پیچھے چھوڑ رہی ہے,Fun Fankar
’سوریہ ونشی‘ سو کروڑ کلب میں: ’فلم کی کامیابی کا فارمولہ کسی کے باپ کو معلوم نہیں‘,Fun Fankar
’یہاں کوئی مفاد نہیں، یہاں پر صرف عشق ہے‘,Fun Fankar
’صدقے تھیواں، ہم آدمی ہیں ذرا وکھری ٹائپ کے‘,Fun Fankar
برٹنی کو والد کے کنٹرول سے 13 سال بعد رہائی مل گئی,Fun Fankar
شاعر شکیب جلالی جنھوں نے خود کو ٹرین کے آگے گرا کر خودکشی کر لی,Fun Fankar
برصغیر کو نورجہاں اور لتا جیسی آوازیں دینے والے موسیقار جو ریکارڈ معاوضہ لیتے تھے,Fun Fankar
’جون ہونا کوئی مذاق نہیں‘,Fun Fankar
شعلے کے ’ٹھاکر‘ سنجیو کمار، جن کا لاکھوں روپے کا ادھار ہڑپ لیا گیا,Fun Fankar
’سپنسر‘: ہردلعزیز شہزادی ڈیانا کی پراسرار کہانی کی کشش آج بھی برقرار,Fun Fankar
سبیاساچی مکھرجی: مشہور فیشن ڈیزائنر کو ’منگل سوتر‘ کا اشتہار کیوں واپس لینا پڑا؟,Fun Fankar
ایشیائی والدین کی بچوں سے توقعات: ’مجھے معلوم تھا کہ تم اسی طرح کا کوئی کام کرو گی‘,Fun Fankar
’میں اکاؤنٹ ہوں کسی اور کا مجھے چلا رہا کوئی اور ہے‘,Fun Fankar
منشیات کیس میں ضمانت منظوری کے بعد آرین خان جیل سے رہا,Fun Fankar
’ایمن اپنے فیصلے خود لیتی ہیں مگر مجھے ولن بنا دیا گیا کہ میں نے بیوی کا کام چھڑوایا‘,Fun Fankar
کراچی کی ’قوال گلی‘ کے قوال جنھیں امیر خسرو سے تعلق پر فخر ہے,Fun Fankar
عصمت چغتائی: بےباک ادیبہ جو موت کے بعد بھی دنیا کو چونکانے سے باز نہ آ سکیں,Fun Fankar
سارہ علی خان کی وزیر داخلہ امِت شاہ کو سالگرہ کی مبارکباد: ٹوئٹر پر ’دیدی ڈر گئیں‘ کی گونج,Fun Fankar
علی عظمت کا نور جہاں پر بیان: ‘رائے کا آپ کو حق ہے مگر بات کرنے کا کوئی طریقہ ہوتا ہے‘,Fun Fankar
’رسٹ‘ کے سیٹ پر حادثاتی قتل: جب فلم کی کہانی حقیقت میں بدل گئی,Fun Fankar
شاہ رخ خان اور اننیا پانڈے کے گھروں پر نارکوٹکس بیورو کے ’چھاپے‘,Fun Fankar
جیمز بانڈ کو شکست دینے والی چینی فلم جس نے ہالی وڈ کی مشکلات بڑھا دی ہیں,Fun Fankar
سکوِڈ گیم: جنوبی کوریا کے ڈراموں کی دنیا بھر میں بڑھتی مقبولیت کا راز کیا ہے؟,Fun Fankar
علی عباس: ’سوشل میڈیا پر فنکاروں کی جوڑیاں بِکتی ہیں اور فالوور بھی‘,Fun Fankar
ہم جنس تعلق میں بندھے سپرمین اور مسلمان سپر ہیرو جو نظریات بدل رہے ہیں,Fun Fankar
منشیات کے مقدمات میں گھرے بالی وڈ میں اب ’منی لانڈرنگ‘ کی بازگشت,Fun Fankar
آرین خان کو گرفتار کرنے والے این سی بی افسر سمیر وانکھیڑے کون ہیں,Fun Fankar
ڈی سی کامکس: سپر مین اب ہم جنس تعلق میں بندھے نظر آئیں گے,Fun Fankar
’مجھے کئی برسوں تک اس لیے مسترد کیا گیا کیونکہ میری رنگت سانولی ہے‘,Fun Fankar
’شاہ رخ خان وہ برانڈ ہیں جس کی مودی جی کو بھی ضرورت ہے‘,Fun Fankar
معروف گلوکارہ کا سیکس ٹیپ کی وجہ سے بلیک میل کرنے والے کو پیسے دینے سے انکار,Fun Fankar
اداکارہ کرسٹین سٹیورٹ شہزادی ڈیانا کا کردار ادا کرتے ہوئے گھبرائیں کیوں؟,Fun Fankar
منال خان: ’کیا ہمارے ملک میں لوگ عورت کے لباس سے باہر نکل کر بھی سوچ سکتے ہیں‘,Fun Fankar
شاہ رخ کے بیٹے آرین کی گرفتاری کسانوں کی موت سے بڑی خبر کیوں؟,Fun Fankar
’مہ پارہ نے تنگ کپڑے نہیں پہنے۔۔۔ اس نے وہی کیا جو سب کرتے ہیں‘,Fun Fankar
شاہ رخ کے بیٹے آریان خان: ’لائن کنگ‘ سے نارکوٹکس کنٹرول بیورو کے چھاپے تک,Fun Fankar
’تصاویر چبھنے والی ہیں، اس لیے لوگ ان کے بارے میں بات کر رہے ہیں‘,Fun Fankar
بالی وڈ کی وہ اداکارائیں جو اب پروڈیوسر کے روپ میں بھی نظر آئیں گی,Fun Fankar
آمنہ مفتی کا کالم: کم سے کم کام کی رائلٹی تو دے دیں,Fun Fankar
طویل مدتی کووڈ: سکین میں پھیپھڑوں کو ہونے والے پوشیدہ نقصانات کی نشاندہی,science
مثالی ساتھی ڈھونڈنا اتنا مشکل کیوں ہے؟,science
کہکشاں میں ’پراسرار‘ شے کا انکشاف کرنے والے طالب علم کون ہیں؟,science
ٹرانس خاتون کی محبت کی تلاش: ’لوگ جنسی اعضا، سیکس سے متعلق پوچھتے تھے‘,science
ٹیپو سلطان: مذہبی رواداری کے علمبردار یا ہندو دشمن حکمران؟,science
فالکن نائن: سپیس ایکس کا بے قابو راکٹ جو چاند سے ٹکرانے والا ہے,science
’کوانٹم کمپیوٹر کا قہر‘ کیا ہے اور کیا ہمیں اس سے ڈرنا چاہیے؟,science
’بیٹیوں کی بجائے بیٹوں کو توجہ دیں کیونکہ بعض مرد بالغ ہو کر جانور بن جاتے ہیں‘,science
دریائی گھوڑے جو دوست کی پکار اور دشمن کی للکار میں تمیز کرنا جانتے ہیں,science
ہسپتال کا ویکسین نہ لگوانے والے شخص کے دل کی پیوندکاری سے انکار,science
چینی نوجوان کی کہانی: پیدا کرنے والوں نے بیچ دیا، خریدنے والے مر گئے، پر بات یہیں نہیں رکتی,science
وہ پانچ شہر جو کبھی آباد تھے مگر اب انھیں دیکھنے کے لیے زیر آب جانا پڑتا ہے,science
کنوارپن بحالی کا آپریشن: ’مجھے لگا یہی ایک طریقہ ہے جس سے میں پہلے کی طرح ہو سکتی ہوں‘,science
انڈین تاجر سے چوری کی گئی کروڑوں روپے مالیت کی کرپٹو کرنسی حماس کو منتقل ہوئی: پولیس,science
الوداع سمارٹ فون: ’اب میرا دماغ ہر وقت کسی مشین سے نہیں بندھا رہتا‘,science
ممبئی میں سردی: ’20 ڈگری پر سردی محسوس کرنا لازمی ہے، ہمارے جذبات سمجھو‘,science
سمندر کی تہہ میں دنیا کو ملانے والا تاروں کا جال: ٹونگا کی ٹوٹی کیبل کیسے جوڑی جائے گی؟,science
’شہدا سے غداری‘ اور گاندھی کی پسندیدہ دُھن کی بازگشت: انڈیا کا یوم جمہوریہ متنازع کیوں بنا؟,science
راجستھان کے ارب پتی تاجروں کے سنسان محل اور حویلیاں,science
ایپل ’ایئر ٹیگ‘ کے ذریعے خواتین کی جاسوسی یا پیچھا کیے جانے کے واقعات,science
غریب انڈین نابینا طالبعلم پانچ کروڑ پاؤنڈ کی کمپنی کا مالک کیسے بنا؟,science
معروف انڈین ایٹمی سائنسدان کی ہلاکت جو آج بھی مفروضوں اور سازشی نظریات کا گڑھ ہے,science
کیمبرج کے ایک ہوٹل سے روبوٹ ویکیوم کلینر عملے کو چکمہ دے کر فرار ہونے میں کامیاب,science
عدم سے وجود کا معمہ: بِگ بینگ سے پہلے کیا موجود تھا؟,science
کیا ماں باپ کا کوئی لاڈلا بچہ ہوتا ہے؟ وہ راز جسے والدین سینے میں چھپائے رکھتے ہیں,science
انڈیا میں مسلم خواتین کے خلاف نفرت پھیلانے کا نیٹ ورک کیسے کام کرتا ہے؟,science
کمپیوٹر کوڈنگ کی دنیا میں مزید خواتین کو لانے کے لیے کیا کرنا ہو گا؟,science
ملکہ وکٹوریہ کی وفات پر اقبال کا وہ مرثیہ جو ’بانگ درا‘ میں شامل نہ ہوا,science
اگر کسی جاننے والے کو کووڈ ہوا ہو تو اس سے کتنے دن بعد ملنا محفوظ ہے؟,science
امریکی شخص گھر میں 124 زہریلے سانپوں کے درمیان مردہ پایا گیا,science
پاکستانی میمز کی دنیا میں واہ واہ۔۔ لیکن کیا یہ آپ کی زندگی بدل سکتے ہیں؟,science
نریندر مودی کی حکومت مقبول یوٹیوب چینلز کے نشانے پر,science
یوٹیوب پر پریانتھا کے قتل کو درست کہنے پر شہری کو ایک سال قید کی سزا,science
خواتین آن لائن ہراسانی کے واقعات ایف آئی اے کو رپورٹ کرنے میں ہچکچاہٹ کا شکار کیوں؟,science
ہم نیند میں خراٹے کیوں لیتے ہیں اور کیا یہ آواز بند کرنا ممکن ہے؟,science
پاکستان میں کووڈ کے نئے مریضوں کی ریکارڈ تعداد، ایک دن میں ساڑھے سات ہزار سے زیادہ نئے مریض,science
ہزاروں میل پر پھیلا برفانی تودہ کتنے عرصے میں اور کیسے غائب ہوگیا؟,science
میشا شفیع اور علی ظفر: گلوکاروں کے درمیان قانونی جنگ کی تفصیلات کیا ہیں؟,science
ویکسین لگوانے میں ہچکچاہٹ: آپ کے سوالوں کے جواب,science
فائیو جی: آپ کا فون طیاروں کے نظام میں خلل کا باعث کیسے بن سکتا ہے؟,science
صحرائے صحارا: وہ ریگستان جہاں برفباری ہونا غیرمعمولی بات نہیں,science
دماغ میں کیڑے سے ہونے والے مرض کی سرجری: ’جب مریضہ آئیں تو انھیں جھٹکے لگ رہے تھے‘,science
یہودی عبادت گاہ پر حملہ: ’میں مرنے کے لیے آیا ہوں، اس کے لیے میں دو سال سے دعا کر رہا تھا‘,science
خونریز سرحدی جھڑپوں اور کشیدگی کے باوجود انڈیا کیوں چاہتا ہے کہ چین کے ساتھ تجارت جاری رہے؟,science
’توہین رسالت پر مبنی پیغام‘ بھیجنے والی خاتون کے لیے موت کی سزا,science
'صرف حجاب پہننے کی اجازت چاہتی ہیں، جو ہماری شناخت سے جُڑا ہے‘,science
موبائل فون کی طاقت: چین اور مغرب آمنے سامنے,science
ترک جوڑے کی وقت گزاری کے لیے شروع کی جانے والی سرگرمی جو کامیاب کاروبار میں بدل گئی,science
فضائی کمپنیوں کے خدشات کے بعد امریکی ائیرپورٹس پر فائیو جی کی فراہمی ملتوی,science
انڈیا کی سلیبرٹی شیرنی ’کالر والی‘، ایک خوفناک شکاری بھی وفادار دوست بھی,science
مرد سرجن کے ہاتھوں خواتین مریضوں کی موت کے امکانات زیادہ کیوں ہوتے ہیں؟,science
نریندر مودی کا خطاب: جب الفاظ نے ’عظیم مقرر‘ کا ساتھ چھوڑ دیا,science
سعادت حسن منٹو اور فلمی دنیا: جب منٹو کی کہانی کسی اور کے نام سے چل گئی,science
امریکہ میں یہودی عبادت گاہ پر حملہ: ’میں نے حملہ آور پر کرسی پھینکی اور دروازے کی طرف بھاگا‘,science
’مردہ ماں کے پیٹ سے لٹکی بچے کی ٹانگ دیکھ کر آنکھوں کے سامنے اندھیرا چھا گیا‘,science
’گنجوں کے سر میں سونا`: موزمبیق میں توہم پرستی کے نتیجے میں مردوں کے قتل,science
ٹونگا: خلا سے سمندری آتش فشاں پھٹنے کا منظر کیسا تھا,science
قرونِ وسطیٰ کی بُھولی بِسری ’دو وقت سونے‘ کی عادت,science
روس نے آن لائن حملوں اور تاوان میں ملوث گروہ کا ’خاتمہ‘ کر دیا,science
انوشکا کا کوہلی کے نام پیغام: ’آپ نے کبھی بھی لالچ نہیں کیا اس عہدے کے لیے بھی نہیں‘,science
جب انڈیا نے پنجاب کا 84 ہزار ایکڑ رقبہ پاکستان کے حوالے کر دیا,science
کچھ کھلاڑی ویکسین لگوانے سے اتنا ہچکچاتے کیوں ہیں؟,science
دوران پرواز بچی کی پیدائش: ’مبارک ہو لڑکی ہوئی ہے‘,science
کیا عمر کے ساتھ ساتھ جنسی شہوت میں بھی کمی آتی ہے؟,science
’انسانی جسم میں سؤر کا دل لگانے کا تجربہ پہلے میں نے کیا تھا اور مجھے جیل بھیج دیا گیا‘,science
شمالی کوریائی ہیکرز نے 2021 میں 400 ملین ڈالر مالیت کی کرپٹو کرنسی چوری کی,science
کرپٹو کرنسی فراڈ: پاکستان میں ڈیجیٹل کرنسی کے ’ڈبل شاہ‘ سے کیسے بچا جائے؟,science
ایک سال میں ایک ارب کلومیٹر طے کرنے والی خلائی گاڑی: ستاروں کے درمیان کی خلاء سمجھنے کی تیاری,science
کیا مستقبل میں لوگ اڑنے والی گاڑیوں میں اپنے کام کی جگہوں پر جائیں گے؟,science
حریم شاہ کا ’یوٹرن‘، ویڈیو ریاستی اداروں کی ’تضحیک اور ہتک‘ قرار,science
ڈارک ویب پر منشیات کا کاروبار: ’ہم دشمن کے علاقے میں خفیہ ایجنٹوں کی طرح ہیں‘,science
چینی خاتون کی اجنبی سے پہلی ملاقات جو لاک ڈاؤن میں بدل گئی,science
’ماں کی جان بچانے کے لیے اجنبی خاتون کو گردہ عطیہ کر دیا‘,science
سؤر کا دل کسی انسان کو لگانے سے متعلق مذہبی، طبی اور حقوق کی بحث,science
’ہر عورت کا دودھ نہیں اُترتا، بچے کو ڈبے کا دودھ پلانا امارت نہیں مجبوری ہو سکتی ہے‘,science
پاکستان میں خودکشی کو جرائم کی فہرست سے نکال کر ذہنی مرض کا درجہ دینا مثبت قدم ہو گا؟,science
ویب تھری کیا ہے اور یہ انٹرنیٹ کو کیسے بدل دے گا؟,science
پولیس اہلکار ڈکیتی روکنے کے بجائے اپنے موبائل پر گیم کھیلتے رہے,science
لڑکی کا ملزمان کی شناخت سے انکار: ’عام مڈل کلاس فیملی کبھی طویل قانونی جنگ کا حصہ نہیں بنے گی‘,science
’مسلمان ڈیٹ نہیں کرتے، شادی کرتے ہیں‘: شادی ایپ ’مُزمیچ‘ کو کس قانونی تنازع کا سامنا ہے؟,science
امریکی شہری کو سؤر کا دل لگا دیا گیا، کارنامہ سرانجام دینے والی ٹیم میں پاکستانی ڈاکٹر بھی شامل,science
نیلے ہیروں کا معمہ، سائنسدانوں کے لیے یہ اتنے اہم کیوں ہیں؟,science
سویڈن میں ڈرون طیارے نے ہارٹ اٹیک کے دوران ایک شخص کو بچا لیا,science
سُلی ڈیلز: مسلمان خواتین کی بولی لگانے والی ایپ کا مبینہ خالق گرفتار,science
لاعلاج مرض میں مبتلا خاتون جن سے لوگ پوچھتے ہیں کہ ’تم نے بچہ کیوں پیدا کیا‘,science
ویکسین لگوانے کے باوجود کئی افراد کورونا وائرس کا دوبارہ شکار کیوں ہو جاتے ہیں؟,science
کیا نئی نسل پیار اور سیکس کے معاملے میں زیادہ حقیقت پسند ہے؟,science
’جب میں نے اپنا چہرہ آئینے میں دیکھا تو صدمہ پہنچا، کئی برس چھپ کر گزارے‘,science
جیمز ویب ٹیلی سکوپ: خلا میں سب سے بڑا آئینہ مکمل طور پر کھل گیا، یہ کام کیسے سرانجام دیا گیا؟,science
مری میں پھنسی گاڑیوں میں ہونے والی اموات: کاربن مونو آکسائیڈ زہر کیا ہے؟,science
پاکستانی نوجوان لاکھوں ڈالر کی سرمایہ کاری کیسے حاصل کر سکتے ہیں؟,science
آپریشن گلیکسی: جب 1980 میں جنرل ضیا کو قتل کرنے کی سازش کو ’کچل‘ دیا گیا,science
’میں نے آئینے میں خود کو دیکھا اور کہا کہ آئندہ تمہیں ہیروئن نہیں ملے گی‘,science
سنہ 2022 میں ہر کوئی چاند پر کیوں جانا چاہ رہا ہے؟,science
ڈمینشیا میں خطرناک اضافہ: ’یادداشت بچانی ہے تو سگریٹ نوشی ترک کر دیں‘,science
بُلی بائی ایپ کیس: ’ہم لڑکیاں بہت مشکل وقت سے گزر رہی ہیں لیکن انشااللہ ہم اس معاملے کو انجام تک پہنچائیں گی‘,science
کیا ذہنی بیماری کو سزا سے بچنے کے لیے استعمال کیا جاتا ہے؟,science
’ویڈیو گیم کھیلنا کم کیا تو بیوی سے تعلقات میں بہتری آ گئی‘,science
’مہندی لگوانے کے بعد ہسپتال کے بستر پر منھ بسورے لیٹا بچہ کھلکھلا اُٹھتا ہے‘,science
اومیکرون کی علامات کیا ہیں اور اس سے بچاؤ کا بہترین طریقہ کیا ہے؟,science
